{
    "Rhondda, Cynon, Taff": "Rhondda Cynon Taf",
    "The Vale of Glamorgan": "Vale of Glamorgan",
    "Crewe & Nantwich": "Crewe and Nantwich",
    "Durham": "County Durham",
    "Dumfries and Galloway": "Dumfries & Galloway",
    "Kingston upon Hull": "Kingston upon Hull, City of",
    "Herefordshire": "Herefordshire, County of",
    "Aberdeen": "Aberdeen City",
    "Bristol": "Bristol, City of",
    "Dundee": "Dundee City",
    "London": "City of London",
    "Shetland": "Shetland Islands",
    "City of Edinburgh": "Edinburgh, City of",
    "Edinburgh": "Edinburgh, City of",
    "Bournemouth, Christchurch and Poole": "Bournemouth",
    "Buckinghamshire CC": "Buckinghamshire",
    "City of London Corporation": "City of London",
    "Barrow-In-Furness": "Barrow-in-Furness",
    "Clackmannan": "Clackmannanshire",
    "Brighton & Hove": "Brighton and Hove",
    "Reigate & Banstead": "Reigate and Banstead",
    "Tonbridge & Malling": "Tonbridge and Malling",
    "King's Lynn & West Norfolk": "King's Lynn and West Norfolk",
    "Hammersmith & Fulham": "Hammersmith and Fulham",
    "Nuneaton & Bedworth": "Nuneaton and Bedworth",
    "Redcar & Cleveland": "Redcar and Cleveland",
    "Basingstoke & Deane": "Basingstoke and Deane",
    "Hinckley & Bosworth": "Hinckley and Bosworth",
    "Kensington & Chelsea": "Kensington and Chelsea",
    "Telford & Wrekin": "Telford and Wrekin",
    "Oadby & Wigston": "Oadby and Wigston",
    "Argyll and Bute": "Argyll & Bute",
    "Barking & Dagenham": "Barking and Dagenham",
    "Epsom & Ewell": "Epsom and Ewell",
    "Weymouth & Portland": "Weymouth and Portland",
    "Windsor & Maidenhead": "Windsor and Maidenhead",
    "Perth & Kinross": "Perth and Kinross",
    "Bath & North East Somerset": "Bath and North East Somerset",
    "Newark & Sherwood": "Newark and Sherwood",
    "Glasgow": "Glasgow City",
    "South Buckinghamshire": "South Bucks",
    "Forest Of Dean": "Forest of Dean",
    "Kingston Upon Thames": "Kingston upon Thames",
    "Kingston Upon Hull": "Kingston upon Hull, City of",
    "Kingston upon Hull": "Kingston upon Hull, City of",
    "Richmond Upon Thames": "Richmond upon Thames",
    "Newcastle Upon Tyne": "Newcastle upon Tyne",
    "Isle Of Anglesey": "Isle of Anglesey",
    "Vale Of White Horse": "Vale of White Horse",
    "Newcastle-Under-Lyme": "Newcastle-under-Lyme",
    "Stockton-On-Tees": "Stockton-on-Tees",
    "East Riding Of Yorkshire": "East Riding of Yorkshire",
    "Rhondda Cynon Taff": "Rhondda Cynon Taf",
    "St Helens": "St. Helens",
    "Comhairle Nan Eilean Siar": "Na h-Eileanan Siar",
    "Eilean Siar": "Na h-Eileanan Siar",
    "Chester-Le-Street": "Chester-le-Street",
    "Berwick-Upon-Tweed": "Berwick-upon-Tweed",
    "Shrewsbury & Atcham": "Shrewsbury and Atcham",
    "Ynys Mon": "Isle of Anglesey"
}
